individual_id,time_point_id,reward
1,1,775.886645338022
2,1,783.7998663469133
3,1,411.71115696400494
4,1,-34.250094719894186
5,1,-136.31098439749886
6,1,201.44340383460548
7,1,669.6444522934605
8,1,826.8302762457713
9,1,537.2103955549463
10,1,77.14059748938455
11,1,-164.8439503412809
12,1,69.86469393385316
13,1,562.2346713473947
14,1,833.4548307814977
15,1,662.2950730126254
16,1,185.19949460153643
17,1,-130.54759300570734
18,1,-18.342470451768325
19,1,422.08975776554905
20,1,797.6237782978884
21,1,764.4789722021019
22,1,329.72549828887065
23,1,-81.95904915351586
24,1,-106.63802806924191
25,1,273.97527788518096
26,1,729.4303781738705
27,1,821.3391171363146
28,1,481.6040470879981
29,1,20.334210827586027
30,1,-150.86465911236078
31,1,146.13233027253798
32,1,609.8644935549158
33,1,852.1070829876967
34,1,607.6924959940796
35,1,123.05981818599349
36,1,-145.73827378748632
37,1,4.382086255570116
38,1,490.3354422887642
39,1,819.0488460761073
40,1,720.7077331737412
1,2,297.662074130378
2,2,305.5752951392704
3,2,-66.51341424363801
4,2,-512.4746659275384
5,2,-614.5355556051425
6,2,-276.7811673730317
7,2,191.41988108582305
8,2,348.60570503811556
9,2,58.985824347306824
10,2,-401.0839737182532
11,2,-643.0685215489152
12,2,-408.35987727378665
13,2,84.01010013974923
14,2,355.2302595738662
15,2,184.0705018049884
16,2,-293.02507660610155
17,2,-608.7721642133512
18,2,-496.56704165941426
19,2,-56.13481344209442
20,2,319.39920709024403
21,2,286.25440099445615
22,2,-148.49907291877406
23,2,-560.1836203611588
24,2,-584.8625992768865
25,2,-204.24929332245625
26,2,251.2058069662332
27,2,343.1145459286819
28,2,3.3794758803632954
29,2,-457.8903603800498
30,2,-629.0892303200022
31,2,-332.09224093510545
32,2,131.63992234727513
33,2,373.8825117800645
34,2,129.46792478643965
35,2,-355.16475302164315
36,2,-623.9628449951288
37,2,-473.8424849520701
38,2,12.110871081121592
39,2,340.8242748684739
40,2,242.48316196610332
1,3,10.73924410372572
2,3,18.652465112618103
3,3,-353.4362442702848
4,3,-799.3974959541808
5,3,-901.4583856318018
6,3,-563.703997399691
7,3,-95.50294894082899
8,3,61.68287501146875
9,3,-227.93700567934394
10,3,-688.0068037449076
11,3,-929.9913515755644
12,3,-695.2827073004437
13,3,-202.9127298869013
14,3,68.30742954721296
15,3,-102.85232822166499
16,3,-579.9479066327553
17,3,-895.694994239989
18,3,-783.4898716860611
19,3,-343.05764346874565
20,3,32.47637706359072
21,3,-0.6684290321946647
22,3,-435.42190294542087
23,3,-847.1064503878115
24,3,-871.7854293035246
25,3,-491.17212334910954
26,3,-35.71702306042102
27,3,56.19171590202817
28,3,-283.54335414628684
29,3,-744.8131904067094
30,3,-916.0120603466653
31,3,-619.0150709617543
32,3,-155.28290767937685
33,3,86.95968175341163
34,3,-157.45490524020946
35,3,-642.087583048301
36,3,-910.8856750217855
37,3,-760.7653149787241
38,3,-274.81195894553275
39,3,53.90144484182079
40,3,-44.439668060548314
1,4,178.91368197214078
2,4,186.82690298103685
3,4,-185.26180640187127
4,4,-631.2230580857738
5,4,-733.2839477633672
6,4,-395.5295595312675
7,4,72.67148892758861
8,4,229.85731287988582
9,4,-59.76256781092803
10,4,-519.8323658764899
11,4,-761.8169137071519
12,4,-527.1082694320203
13,4,-34.738292018485616
14,4,236.4818674156322
15,4,65.32210964675303
16,4,-411.7734687643409
17,4,-727.5205563715762
18,4,-615.315433817642
19,4,-174.88320560033137
20,4,200.65081493200643
21,4,167.50600883622056
22,4,-267.2474650770102
23,4,-678.9320125193874
24,4,-703.6109914351114
25,4,-322.9976854806907
26,4,132.45741480799728
27,4,224.3661537704433
28,4,-115.36891627787213
29,4,-576.6387525382886
30,4,-747.8376224782277
31,4,-450.8406330933447
32,4,12.891530189039356
33,4,255.13411962182462
34,4,10.719532628205954
35,4,-473.9131451798776
36,4,-742.7112371533691
37,4,-592.5908771103042
38,4,-106.63752107711395
39,4,222.07588271023644
40,4,123.7347698078668
1,5,647.5665851355633
2,5,655.479806144451
3,5,283.3910967615479
4,5,-162.57015492235152
5,5,-264.63104459995833
6,5,73.12334363214975
7,5,541.3243920910103
8,5,698.5102160432963
9,5,408.8903353524944
10,5,-51.17946271307206
11,5,-293.16401054373455
12,5,-58.45536626860467
13,5,433.91461114493444
14,5,705.1347705790516
15,5,533.9750128101682
16,5,56.8794343990811
17,5,-258.86765320816613
18,5,-146.66253065422444
19,5,293.7696975630897
20,5,669.3037180954306
21,5,636.1589119996402
22,5,201.4054380864133
23,5,-210.27910935597393
24,5,-234.95808827170092
25,5,145.65521768272754
26,5,601.1103179714114
27,5,693.0190569338689
28,5,353.2839868855493
29,5,-107.98584937487092
30,5,-279.18471931481844
31,5,17.812270070080714
32,5,481.5444333524539
33,5,723.7870227852508
34,5,479.3724357916309
35,5,-5.260242016462415
36,5,-274.0583339899425
37,5,-123.93797394688595
38,5,362.0153820863035
39,5,690.7287858736534
40,5,592.3876729712831
1,6,985.8206357291327
2,6,993.7338567380312
3,6,621.6451473551135
4,6,175.68389567121892
5,6,73.62300599361421
6,6,411.37739422572383
7,6,879.5784426845677
8,6,1036.7642666368822
9,6,747.1443859460636
10,6,287.07458788050064
11,6,45.09004004983102
12,6,279.79868432496465
13,6,772.1686617384979
14,6,1043.3888211726114
15,6,872.2290634037311
16,6,395.1334849926459
17,6,79.38639738540488
18,6,191.5915199393465
19,6,632.0237481566572
20,6,1007.557768688999
21,6,974.4129625932159
22,6,539.6594886799804
23,6,127.97494123759829
24,6,103.2959623218721
25,6,483.9092682762921
26,6,939.3643685649787
27,6,1031.2731075274294
28,6,691.538037479115
29,6,230.26820121869852
30,6,59.069331278752415
31,6,356.0663206636488
32,6,819.7984839460241
33,6,1062.0410733788121
34,6,817.62648638519
35,6,332.9938085771099
36,6,64.19571660362563
37,6,214.3160766466844
38,6,700.2694326798729
39,6,1028.9828364672144
40,6,930.6417235648452
1,7,882.6866195755986
2,7,890.5998405844889
3,7,518.5111312015883
4,7,72.54987951768874
5,7,-29.511010159917067
6,7,308.24337807218876
7,7,776.4444265310548
8,7,933.6302504833483
9,7,644.0103697925323
10,7,183.94057172696947
11,7,-58.04397610369893
12,7,176.66466817143333
13,7,669.034645584975
14,7,940.254805019096
15,7,769.0950472502203
16,7,291.9994688391223
17,7,-23.74761876812622
18,7,88.45750378581496
19,7,528.8897320031318
20,7,904.4237525354564
21,7,871.2789464396802
22,7,436.5254725264538
23,7,24.84092508406719
24,7,0.16194616834034792
25,7,380.77525212276663
26,7,836.2303524114471
27,7,928.1390913739134
28,7,588.4040213255879
29,7,127.1341850651676
30,7,-44.06468487477871
31,7,252.93230451012136
32,7,716.6644677924934
33,7,958.9070572252955
34,7,714.4924702316592
35,7,229.8597924235756
36,7,-38.938299549905516
37,7,111.18206049315215
38,7,597.1354165263447
39,7,925.8488203137064
40,7,827.5077074113353
1,8,432.9854754996468
2,8,440.89869650853063
3,8,68.80998712562743
4,8,-377.15126455826993
5,8,-479.21215423588137
6,8,-141.45776600377081
7,8,326.7432824550864
8,8,483.9291064073882
9,8,194.3092257165728
10,8,-265.76057234899
11,8,-507.7451201796608
12,8,-273.03647590452726
13,8,219.33350150901518
14,8,490.55366094312484
15,8,319.39390317425443
16,8,-157.70167523683966
17,8,-473.44876284408434
18,8,-361.24364029014424
19,8,79.18858792716928
20,8,454.722608459501
21,8,421.5778023637209
22,8,-13.17567154950884
23,8,-424.86021899188773
24,8,-449.5391979076193
25,8,-68.92589195319279
26,8,386.52920833549786
27,8,478.43794729794206
28,8,138.7028772496281
29,8,-322.5669590107928
30,8,-493.76582895073614
31,8,-196.76883956583805
32,8,266.96332371654216
33,8,509.2059131493237
34,8,264.7913261557063
35,8,-219.84135165238365
36,8,-488.639443625868
37,8,-338.5190835828036
38,8,147.43427245038583
39,8,476.1476762377434
40,8,377.8065633353708
1,9,50.17036146160963
2,9,58.08358247050169
3,9,-314.0051269124039
4,9,-759.9663785963013
5,9,-862.0272682739137
6,9,-524.2728800417973
7,9,-56.071831582944725
8,9,101.1139923693517
9,9,-188.5058883214615
10,9,-648.5756863870174
11,9,-890.5602342176842
12,9,-655.8515899425636
13,9,-163.48161252901903
14,9,107.73854690509714
15,9,-63.42121086377991
16,9,-540.516789274871
17,9,-856.2638768821104
18,9,-744.0587543281814
19,9,-303.6265261108599
20,9,71.90749442147585
21,9,38.76268832568946
22,9,-395.9907855875376
23,9,-807.6753330299291
24,9,-832.3543119456436
25,9,-451.7410059912292
26,9,3.7140942974629034
27,9,95.62283325991392
28,9,-244.11223678840395
29,9,-705.3820730488278
30,9,-876.5809429887618
31,9,-579.5839536038744
32,9,-115.85179032149293
33,9,126.39079911129619
34,9,-118.02378788232775
35,9,-602.6564656904181
36,9,-871.4545576639041
37,9,-721.334197620841
38,9,-235.38084158764445
39,9,93.33256219970548
40,9,-5.008550702663978
1,10,86.19972786572217
2,10,94.11294887461439
3,10,-277.9757605082949
4,10,-723.9370121921844
5,10,-825.9979018697918
6,10,-488.24351363768386
7,10,-20.04246517883173
8,10,137.14335877346488
9,10,-152.47652191734792
10,10,-612.546319982911
11,10,-854.5308678135874
12,10,-619.8222235384385
13,10,-127.45224612490459
14,10,143.7679133092081
15,10,-27.391844459667904
16,10,-504.48742287076277
17,10,-820.2345104780111
18,10,-708.0293879240623
19,10,-267.59715970675103
20,10,107.9368608255891
21,10,74.79205472980209
22,10,-359.96141918342784
23,10,-771.6459666258099
24,10,-796.3249455415454
25,10,-415.71163958711594
26,10,39.743460701575344
27,10,131.6521996640247
28,10,-208.08287038429242
29,10,-669.3527066447117
30,10,-840.5515765846627
31,10,-543.5545871997608
32,10,-79.82242391738035
33,10,162.42016551540635
34,10,-81.99442147821439
35,10,-566.6270992863059
36,10,-835.4251912597757
37,10,-685.3048312167238
38,10,-199.35147518353514
39,10,129.36192860381888
40,10,31.020815701448146
1,11,507.94834139797774
2,11,515.8615624068626
3,11,143.77285302395836
4,11,-302.1883986599366
5,11,-404.2492883375407
6,11,-66.49490010543754
7,11,401.70614835341644
8,11,558.891972305718
9,11,269.27209161490214
10,11,-190.79770645066017
11,11,-432.78225428133084
12,11,-198.0736100061918
13,11,294.2963674073455
14,11,565.5165268414593
15,11,394.35676907258676
16,11,-82.73880933850639
17,11,-398.48589694575537
18,11,-286.280774391815
19,11,154.1514538255018
20,11,529.6854743578426
21,11,496.5406682620505
22,11,61.78719434882368
23,11,-349.89735309355916
24,11,-374.576332009289
25,11,6.036973945138855
26,11,461.49207423382825
27,11,553.400813196276
28,11,213.66574314796185
29,11,-247.60409311246153
30,11,-418.802963052407
31,11,-121.80597366750841
32,11,341.92618961487324
33,11,584.1687790476587
34,11,339.7541920540373
35,11,-144.87848575405008
36,11,-413.67657772753444
37,11,-263.55621768447577
38,11,222.39713834871938
39,11,551.110542136074
40,11,452.76942923370257
1,12,927.6624717701991
2,12,935.5756927790978
3,12,563.4869833961845
4,12,117.52573171228099
5,12,15.464842034676861
6,12,353.21923026678365
7,12,821.4202787256417
8,12,978.6061026779294
9,12,688.9862219871206
10,12,228.91642392156365
11,12,-13.068123909105346
12,12,221.64052036602612
13,12,714.0104977795621
14,12,985.2306572136793
15,12,814.0708994447973
16,12,336.97532103371384
17,12,21.228233426467924
18,12,133.43335598040662
19,12,573.8655841977287
20,12,949.3996047300659
21,12,916.2547986342637
22,12,481.5013247210379
23,12,69.8167772786616
24,12,45.13779836293422
25,12,425.7511043173617
26,12,881.2062046060528
27,12,973.1149435684966
28,12,633.3798735201774
29,12,172.1100372597625
30,12,0.9111673198152297
31,12,297.9081567047162
32,12,761.6403199870977
33,12,1003.8829094198783
34,12,759.4683224262636
35,12,274.83564461817133
36,12,6.037552644688223
37,12,156.15791268774743
38,12,642.1112687209447
39,12,970.8246725082821
40,12,872.4835596059121
1,13,959.4588831290373
2,13,967.3721041379287
3,13,595.283394755035
4,13,149.32214307113358
5,13,47.261253393528676
6,13,385.015641625637
7,13,853.2166900844974
8,13,1010.4025140367864
9,13,720.7826333459707
10,13,260.71283528041107
11,13,18.72828744974639
12,13,253.4369317248798
13,13,745.8069091384249
14,13,1017.0270685725369
15,13,845.8673108036609
16,13,368.7717323925628
17,13,53.0246447853193
18,13,165.22976733926066
19,13,605.6619955565712
20,13,981.1960160889031
21,13,948.05120999312
22,13,513.2977360798983
23,13,101.61318863751191
24,13,76.93420972178656
25,13,457.5475156762095
26,13,913.0026159649091
27,13,1004.9113549273543
28,13,665.1762848790398
29,13,203.90644861861597
30,13,32.70757867866744
31,13,329.70456806356174
32,13,793.4367313459519
33,13,1035.6793207787362
34,13,791.2647337851159
35,13,306.63205597702296
36,13,37.8339640035405
37,13,187.95432404659925
38,13,673.9076800797975
39,13,1002.6210838671464
40,13,904.2799709647758
1,14,574.1041015078679
2,14,582.0173225167549
3,14,209.9286131338525
4,14,-236.03263855004465
5,14,-338.0935282276495
6,14,-0.33913999554612256
7,14,467.86190846330913
8,14,625.0477324156107
9,14,335.42785172479495
10,14,-124.6419463407672
11,14,-366.62649417143757
12,14,-131.9178498963013
13,14,360.45212751723494
14,14,631.6722869513518
15,14,460.5125291824803
16,14,-16.58304922861581
17,14,-332.33013683586245
18,14,-220.12501428192218
19,14,220.30721393539082
20,14,595.8412344677332
21,14,562.696428371943
22,14,127.94295445871572
23,14,-283.7415929836695
24,14,-308.4205718993969
25,14,72.19273405502985
26,14,527.6478343437198
27,14,619.5565733061685
28,14,279.8215032578524
29,14,-181.4483330025678
30,14,-352.64720294251407
31,14,-55.650213557615466
32,14,408.0819497247656
33,14,650.3245391575514
34,14,405.90995216393026
35,14,-78.72272564415827
36,14,-347.5208176176452
37,14,-197.4004575745845
38,14,288.5528984586129
39,14,617.2663022459672
40,14,518.9251893435955
1,15,125.89153597453785
2,15,133.80475698343105
3,15,-238.28395239947898
4,15,-684.2452040833789
5,15,-786.3060937609878
6,15,-448.55170552887057
7,15,19.649342929983884
8,15,176.83516688228173
9,15,-112.78471380853156
10,15,-572.854511874093
11,15,-814.8390597047542
12,15,-580.1304154296279
13,15,-87.76043801609096
14,15,183.45972141802395
15,15,12.29996364914767
16,15,-464.7956147619452
17,15,-780.5427023691873
18,15,-668.3375798152562
19,15,-227.90535159793535
20,15,147.62866893440398
21,15,114.48386283861768
22,15,-320.2696110746141
23,15,-731.954158516988
24,15,-756.6331374327225
25,15,-376.0198314783003
26,15,79.43526881038997
27,15,171.34400777283872
28,15,-168.39106227547745
29,15,-629.6608985358934
30,15,-800.8597684758387
31,15,-503.8627790909478
32,15,-40.13061580856497
33,15,202.11197362422243
34,15,-42.302613369398685
35,15,-526.9352911774808
36,15,-795.7333831509723
37,15,-645.6130231079163
38,15,-159.65966707471833
39,15,169.05373671263365
40,15,70.7126238102633
1,16,26.90575224225617
2,16,34.818973251148876
3,16,-337.26973613175727
4,16,-783.2309878156648
5,16,-885.2918774932557
6,16,-547.5374892611497
7,16,-79.33644080229847
8,16,77.84938314999823
9,16,-211.77049754081534
10,16,-671.8402956063779
11,16,-913.8248434370499
12,16,-679.1161991619105
13,16,-186.74622174837265
14,16,84.47393768574331
15,16,-86.68582008313345
16,16,-563.7813984942258
17,16,-879.5284861014751
18,16,-767.3233635475253
19,16,-326.89113533021356
20,16,48.64288520212173
21,16,15.498079106336
22,16,-419.2553948068909
23,16,-830.9399422492722
24,16,-855.6189211650101
25,16,-475.0056152105827
26,16,-19.550514921891025
27,16,72.35822404055907
28,16,-267.37684600775793
29,16,-728.6466822681726
30,16,-899.8455522081268
31,16,-602.8485628232235
32,16,-139.11639954084637
33,16,103.12618989194239
34,16,-141.2883971016816
35,16,-625.9210749097665
36,16,-894.7191668832454
37,16,-744.5988068401884
38,16,-258.64545080699827
39,16,70.06795298035196
40,16,-28.273159922018138
1,17,368.1538233781454
2,17,376.0670443870444
3,17,3.9783350041350736
4,17,-441.98291667976724
5,17,-544.0438063573696
6,17,-206.289418125263
7,17,261.9116303335985
8,17,419.09745428589764
9,17,129.4775735950807
10,17,-330.5922244704859
11,17,-572.5767723011462
12,17,-337.86812802601474
13,17,154.50184938752125
14,17,425.72200882163884
15,17,254.56225105275678
16,17,-222.53332735833195
17,17,-538.2804149655733
18,17,-426.0752924116344
19,17,14.356935805677695
20,17,389.89095633801156
21,17,356.7461502422295
22,17,-78.0073236710002
23,17,-489.6918711133859
24,17,-514.3708500291084
25,17,-133.7575440746842
26,17,321.69755621400503
27,17,413.60629517645515
28,17,73.87122512813639
29,17,-387.39861113227914
30,17,-558.5974810722249
31,17,-261.60049168733224
32,17,202.1316715950475
33,17,444.3742610278379
34,17,199.95967403421187
35,17,-284.67300377387124
36,17,-553.4710957473557
37,17,-403.35073570430296
38,17,82.60262032889435
39,17,411.31602411624107
40,17,312.97491121387696
1,18,835.8938465259829
2,18,843.8070675348744
3,18,471.71835815197636
4,18,25.75710646807589
5,18,-76.30378320952947
6,18,261.4506050225766
7,18,729.6516534814376
8,18,886.837477433732
9,18,597.2175967429157
10,18,137.14779867735393
11,18,-104.8367491533119
12,18,129.8718951218241
13,18,622.241872535358
14,18,893.4620319694806
15,18,722.3022742006038
16,18,245.20669578950805
17,18,-70.54039181773823
18,18,41.66473073620182
19,18,482.0969589535198
20,18,857.6309794858487
21,18,824.4861733900639
22,18,389.73269947684236
23,18,-21.95184796554541
24,18,-46.6308268812713
25,18,333.98247907315175
26,18,789.437579361832
27,18,881.3463183242977
28,18,541.6112482759704
29,18,80.34141201555596
30,18,-90.85745792439124
31,18,206.13953146050588
32,18,669.8716947428809
33,18,912.1142841756802
34,18,667.6996971820577
35,18,183.06701937396264
36,18,-85.73107259951817
37,18,64.38928744354101
38,18,550.3426434767331
39,18,879.0560472640899
40,18,780.714934361719
1,19,1000.0878014972902
2,19,1008.0010225061835
3,19,635.9123131232716
4,19,189.95106143937127
5,19,87.89017176176539
6,19,425.64455999386644
7,19,893.8456084527248
8,19,1051.0314324050132
9,19,761.4115517142205
10,19,301.34175364865155
11,19,59.357205817983136
12,19,294.0658500931172
13,19,786.4358275066473
14,19,1057.6559869407638
15,19,886.4962291718876
16,19,409.4006507608035
17,19,93.65356315355574
18,19,205.85868570749486
19,19,646.2909139248158
20,19,1021.8249344571562
21,19,988.6801283613736
22,19,553.9266544481355
23,19,142.24210700574957
24,19,117.56312809002391
25,19,498.17643404444584
26,19,953.6315343331378
27,19,1045.5402732955824
28,19,705.8052032472631
29,19,244.5353669868483
30,19,73.33649704690279
31,19,370.33348643180096
32,19,834.0656497141828
33,19,1076.3082391469654
34,19,831.8936521533468
35,19,347.260974345256
36,19,78.46288237177623
37,19,228.58324241483396
38,19,714.5365984480312
39,19,1043.2500022353718
40,19,944.9088893330022
1,20,709.7765233106448
2,20,717.6897443195325
3,20,345.6010349366294
4,20,-100.36021674726746
5,20,-202.42110642487245
6,20,135.33328180723205
7,20,603.534330266093
8,20,760.7201542183913
9,20,471.1002735275755
10,20,11.030475462011161
11,20,-230.9540723686578
12,20,3.7545719064786036
13,20,496.1245493200133
14,20,767.344708754136
15,20,596.1849509852623
16,20,119.08937257416268
17,20,-196.65771503308184
18,20,-84.45259247914173
19,20,355.97963573817333
20,20,731.5136562705006
21,20,698.3688501747234
22,20,263.6153762614923
23,20,-148.06917118089058
24,20,-172.74815009661654
25,20,207.86515585780987
26,20,663.3202561464949
27,20,755.2289951089531
28,20,415.4939250606293
29,20,-45.77591119978741
30,20,-216.97478113973355
31,20,80.02220824516323
32,20,543.754371527545
33,20,785.9969609603356
34,20,541.5823739667094
35,20,56.94969615862074
36,20,-211.84839581486355
37,20,-61.72803577180413
38,20,424.2253202613904
39,20,752.9387240487487
40,20,654.5976111463773
1,21,231.87086229181628
2,21,239.7840833007075
3,21,-132.30462608220049
4,21,-578.2658777661012
5,21,-680.3267674436997
6,21,-342.57237921159543
7,21,125.6286692472593
8,21,282.8144931995555
9,21,-6.805387491255868
10,21,-466.87518555681595
11,21,-708.8597333874923
12,21,-474.1510891123454
13,21,18.218888301186304
14,21,289.43904773530033
15,21,118.2792899664235
16,21,-358.8162884446687
17,21,-674.5633760519181
18,21,-562.3582534979741
19,21,-121.92602528065711
20,21,253.60799525168292
21,21,220.4631891558963
22,21,-214.2902847573355
23,21,-625.9748321997157
24,21,-650.6538111154503
25,21,-270.04050516102456
26,21,185.41459512766573
27,21,277.32333409011784
28,21,-62.41173595819984
29,21,-523.6815722186216
30,21,-694.8804421585697
31,21,-397.88345277367023
32,21,65.84871050871055
33,21,308.0912999414984
34,21,63.67671294787735
35,21,-420.9559648602127
36,21,-689.7540568336922
37,21,-539.6336967906298
38,21,-53.68034075744117
39,21,275.0330630299127
40,21,176.691950127541
1,22,5.755079206629594
2,22,13.668300215522446
3,22,-358.4204091673893
4,22,-804.3816608512882
5,22,-906.4425505288995
6,22,-568.6881622967815
7,22,-100.48711383792472
8,22,56.6987101143731
9,22,-232.9211705764395
10,22,-692.9909686420013
11,22,-934.975516472663
12,22,-700.2668721975377
13,22,-207.8968947839967
14,22,63.32326465011706
15,22,-107.83649311876077
16,22,-584.9320715298524
17,22,-900.6791591370946
18,22,-788.4740365831661
19,22,-348.0418083658453
20,22,27.492212166495015
21,22,-5.652593929290588
22,22,-440.40606784252344
23,22,-852.0906152848944
24,22,-876.7695942006218
25,22,-496.15628824621194
26,22,-40.70118795751715
27,22,51.20755100493268
28,22,-288.5275190433809
29,22,-749.7973553038054
30,22,-920.996225243746
31,22,-623.999235858858
32,22,-160.2670725764722
33,22,81.97551685631478
34,22,-162.4390701373049
35,22,-647.071747945394
36,22,-915.8698399188833
37,22,-765.7494798758099
38,22,-279.79612384262913
39,22,48.91727994472477
40,22,-49.42383295764378
1,23,239.31898223724636
2,23,247.2322032461438
3,23,-124.85650613676411
4,23,-570.8177578206662
5,23,-672.8786474982719
6,23,-335.1242592661637
7,23,133.07678919269534
8,23,290.26261314499345
9,23,0.6427324541795363
10,23,-459.42706561138647
11,23,-701.4116134420543
12,23,-466.70296916691507
13,23,25.66700824662194
14,23,296.88716768073823
15,23,125.72740991186012
16,23,-351.3681684992286
17,23,-667.1152561064793
18,23,-554.9101335525334
19,23,-114.47790533522081
20,23,261.05611519711215
21,23,227.91130910132608
22,23,-206.84216481189907
23,23,-618.5267122542873
24,23,-643.2056911700115
25,23,-262.59238521558746
26,23,192.86271507310184
27,23,284.7714540355541
28,23,-54.96361601276389
29,23,-516.2334522731791
30,23,-687.4323222131316
31,23,-390.43533282822887
32,23,73.29683045414703
33,23,315.5394198869373
34,23,71.12483289331318
35,23,-413.50784491477066
36,23,-682.305936888254
37,23,-532.1855768452039
38,23,-46.23222081200636
39,23,282.4811829753417
40,23,184.14007007297712
1,24,717.824996072445
2,24,725.7382170813349
3,24,353.6495076984351
4,24,-92.31174398546675
5,24,-194.37263366307184
6,24,143.38175456903625
7,24,611.5828030278942
8,24,768.7686269801922
9,24,479.1487462893757
10,24,19.078948223813708
11,24,-222.90559960685505
12,24,11.803044668280709
13,24,504.1730220818142
14,24,775.3931815159387
15,24,604.2334237470626
16,24,127.13784533596704
17,24,-188.6092422712809
18,24,-76.40411971733971
19,24,364.0281084999791
20,24,739.5621290323105
21,24,706.4173229365236
22,24,271.6638490232952
23,24,-140.0206984190859
24,24,-164.69967733481545
25,24,215.91362861961073
26,24,671.3687289082953
27,24,763.2774678707535
28,24,423.54239782242973
29,24,-37.72743843798512
30,24,-208.92630837793322
31,24,88.07068100696546
32,24,551.802844289345
33,24,794.0454337221383
34,24,549.6308467285094
35,24,64.99816892042249
36,24,-203.7999230530571
37,24,-53.679563010001154
38,24,432.27379302319474
39,24,760.987196810549
40,24,662.6460839081784
1,25,1001.3368983356721
2,25,1009.250119344571
3,25,637.1614099616725
4,25,191.20015827777212
5,25,89.13926860016804
6,25,426.8936568322772
7,25,895.0947052911409
8,25,1052.2805292434234
9,25,762.6606485526084
10,25,302.590850487054
11,25,60.60630265638475
12,25,295.3149469315187
13,25,787.684924345063
14,25,1058.9050837791776
15,25,887.7453260102965
16,25,410.6497475992033
17,25,94.90265999195888
18,25,207.10778254590008
19,25,647.5400107632162
20,25,1023.0740312955381
21,25,989.9292251997553
22,25,555.1757512865358
23,25,143.4912038441516
24,25,118.81222492842562
25,25,499.42553088284524
26,25,954.880631171547
27,25,1046.7893701339965
28,25,707.0543000856758
29,25,245.78446382525192
30,25,74.58559388530648
31,25,371.5825832702019
32,25,835.3147465525884
33,25,1077.5573359853781
34,25,833.142748991754
35,25,348.5100711836645
36,25,79.71197921017854
37,25,229.83233925323785
38,25,715.7856952864344
39,25,1043.4990990737808
40,25,946.1579861714113
1,26,829.1951535682713
2,26,837.1083745771696
3,26,465.0196651942579
4,26,19.058413510356125
5,26,-83.00247616724947
6,26,254.75191206486002
7,26,722.9529605237152
8,26,880.1387844760044
9,26,590.5189037851976
10,26,130.4491057196343
11,26,-111.53544211103166
12,26,123.17320216410424
13,26,615.5431795776359
14,26,886.7633390117529
15,26,715.6035812428715
16,26,238.50800283178486
17,26,-77.23908477545781
18,26,34.966037778481855
19,26,475.3982659958012
20,26,850.932286528138
21,26,817.7874804323392
22,26,383.0340065191225
23,26,-28.650540923265353
24,26,-53.329519838992354
25,26,327.28378611543616
26,26,782.738886404126
27,26,874.6476253665702
28,26,534.9125553182512
29,26,73.64271905783615
30,26,-97.55615088211123
31,26,199.44083850278867
32,26,663.1730017851706
33,26,905.4155912179519
34,26,661.0010042243371
35,26,176.36832641624503
36,26,-92.42976555723807
37,26,57.690594485819894
38,26,543.6439505190175
39,26,871.3573543063561
40,26,774.0162414039861
1,27,359.6660880370346
2,27,367.57930904591996
3,27,-4.509400336984468
4,27,-450.47065202088095
5,27,-552.5315416984837
6,27,-214.77715346638306
7,27,253.42389499247838
8,27,410.60971894477194
9,27,120.98983825396071
10,27,-339.0799598116014
11,27,-581.0645076422743
12,27,-346.3558633671382
13,27,146.0141140464014
14,27,417.23427348051337
15,27,246.0745157116368
16,27,-231.02106269945193
17,27,-546.7681503067008
18,27,-434.56302775276026
19,27,5.8692004645580615
20,27,381.40322099689627
21,27,348.2584149011104
22,27,-86.4950590121206
23,27,-498.17960645449915
24,27,-522.8585853702323
25,27,-142.24527941580482
26,27,313.20982087288206
27,27,405.1185598353309
28,27,65.38348978701642
29,27,-395.8863464734043
30,27,-567.0852164133526
31,27,-270.0882270284527
32,27,193.64393625392742
33,27,435.88652568671193
34,27,191.47193869309194
35,27,-293.1607391149927
36,27,-561.9588310884791
37,27,-411.83847104541326
38,27,74.11488498777535
39,27,401.82828877513066
40,27,304.48717587275934
1,28,24.432559247164853
2,28,32.34578025605733
3,28,-339.74292912685235
4,28,-785.7041808107509
5,28,-887.765070488362
6,28,-550.0106822562443
7,28,-81.80963379738917
8,28,75.37619015490783
9,28,-214.24369053590297
10,28,-674.3134886014648
11,28,-916.2980364321259
12,28,-681.5893921570029
13,28,-189.21941474346062
14,28,82.00074469065241
15,28,-89.15901307822426
16,28,-566.2545914893158
17,28,-882.0016790965577
18,28,-769.7965565426289
19,28,-329.3643283253094
20,28,45.16969220703112
21,28,13.024886111244616
22,28,-421.7285878019864
23,28,-833.4131352443794
24,28,-858.0921141600928
25,28,-477.4788082056746
26,28,-22.023707916982023
27,28,69.88503104546858
28,28,-269.8500390028507
29,28,-731.1198752632678
30,28,-902.3187452032091
31,28,-605.321755818321
32,28,-141.58959253593775
33,28,100.6529968968494
34,28,-143.76159009677124
35,28,-628.3942679048565
36,28,-897.1923598783463
37,28,-747.0719998352913
38,28,-261.11864380209227
39,28,66.59475998526108
40,28,-30.74635291710888
1,29,131.70672755944747
2,29,139.61994856834076
3,29,-232.46876081456733
4,29,-678.430012498456
5,29,-780.4909021760732
6,29,-442.7365139439664
7,29,25.46453451489434
8,29,182.65035846718902
9,29,-106.96952222362192
10,29,-567.0393202891864
11,29,-809.02386811986
12,29,-574.3152238447186
13,29,-81.94524643118032
14,29,189.2749130029351
15,29,18.11515523405821
16,29,-458.98042317702965
17,29,-774.727510784283
18,29,-662.5223882303335
19,29,-222.0901600130231
20,29,152.443860519314
21,29,120.29905442352708
22,29,-314.45441948970284
23,29,-726.1389669320915
24,29,-750.8179458478176
25,29,-370.2046398933829
26,29,85.2504603953005
27,29,177.15919935775236
28,29,-162.5758706905665
29,29,-623.8457069509817
30,29,-795.0445768909372
31,29,-498.04758750603054
32,29,-34.31542422365502
33,29,207.92716520913422
34,29,-36.487421784488205
35,29,-521.1200995925728
36,29,-789.9181915660575
37,29,-639.7978315230048
38,29,-153.84447548980788
39,29,173.8689282975449
40,29,76.52781539517403
1,30,581.8612173477457
2,30,590.7744383566303
3,30,218.68572897372655
4,30,-227.27552271017092
5,30,-329.3364123877768
6,30,8.417975844329089
7,30,476.6190243031838
8,30,633.8048482554875
9,30,344.18496756466726
10,30,-115.88483050089148
11,30,-357.8693783315611
12,30,-123.16073405642493
13,30,369.20924335711567
14,30,640.4294027912207
15,30,469.2696450223521
16,30,-7.825933388740647
17,30,-323.57302099598957
18,30,-211.3678984420482
19,30,229.06432977527024
20,30,603.598350307609
21,30,571.4535442118204
22,30,136.70007029858965
23,30,-274.98447714379034
24,30,-299.66345605951847
25,30,80.9498498949059
26,30,536.4049501835922
27,30,628.3136891460381
28,30,288.578619097725
29,30,-173.6912171626912
30,30,-343.8900871026415
31,30,-46.893097717740716
32,30,416.83906556463756
33,30,659.0816549974196
34,30,414.6670680038015
35,30,-69.96560980428292
36,30,-338.7637017777673
37,30,-188.6433417347056
38,30,297.31001429848607
39,30,625.0234180858337
40,30,527.68230518347
1,31,963.1066713062236
2,31,971.0198923151153
3,31,598.9311829322022
4,31,152.96993124830095
5,31,50.90904157069657
6,31,388.66342980280086
7,31,856.8644782616582
8,31,1014.0503022139471
9,31,724.4304215231368
10,31,264.36062345758234
11,31,22.376075626913945
12,31,257.08471990204464
13,31,749.454697315581
14,31,1020.6748567496961
15,31,849.515098980822
16,31,372.4195205697361
17,31,56.67243296248764
18,31,168.87755551642792
19,31,609.3097837337464
20,31,983.84380426609
21,31,951.6989981703065
22,31,516.9455242570679
23,31,105.2609768146792
24,31,80.58199789895315
25,31,461.19530385337947
26,31,916.6504041420714
27,31,1008.5591431045134
28,31,668.8240730561965
29,31,206.55423679577976
30,31,36.355366855834944
31,31,333.3523562407347
32,31,797.0845195231166
33,31,1039.327108955896
34,31,794.9125219622807
35,31,310.2798441541883
36,31,41.48175218070762
37,31,191.6021122237652
38,31,677.5554682569623
39,31,1005.2688720443057
40,31,907.9277591419362
1,32,922.847172657193
2,32,930.7603936660912
3,32,558.6716842831883
4,32,112.71043259929006
5,32,10.649542921685791
6,32,348.40393115379635
7,32,816.6049796126515
8,32,973.7908035649416
9,32,684.170922874128
10,32,224.1011248085725
11,32,-18.883423022096377
12,32,216.8252212530351
13,32,709.19519866658
14,32,980.4153581006985
15,32,809.255600331816
16,32,331.1600219207192
17,32,16.412934313476846
18,32,128.61805686741542
19,32,569.0502850847328
20,32,943.5843056170589
21,32,911.4394995212753
22,32,476.6860256080533
23,32,65.00147816567052
24,32,40.3224992499434
25,32,420.93580520436507
26,32,876.3909054930637
27,32,967.2996444555159
28,32,628.5645744071948
29,32,166.29473814677144
30,32,-3.9041317931757913
31,32,293.09285759172343
32,32,756.8250208741063
33,32,999.0676103068977
34,32,754.6530233132723
35,32,270.0203455051796
36,32,1.222253531697187
37,32,151.34261357475634
38,32,637.295969607951
39,32,964.0093733953015
40,32,867.6682604929309
1,33,498.09711879242093
2,33,506.01033980130654
3,33,132.92163041840476
4,33,-311.039621265492
5,33,-413.1005109430963
6,33,-75.34612271099226
7,33,392.85492574786406
8,33,550.0407497001593
9,33,260.4208690093471
10,33,-199.64892905621625
11,33,-443.6334768868837
12,33,-206.92483261174618
13,33,285.4451448017919
14,33,557.6653042359006
15,33,385.50554646703
16,33,-93.59003194406269
17,33,-407.3371195513112
18,33,-295.13199699737044
19,33,144.30023121994594
20,33,519.8342517522875
21,33,487.68944565649383
22,33,52.93597174326804
23,33,-358.74857569911046
24,33,-383.42755461484563
25,33,-2.814248660416268
26,33,452.6408516282714
27,33,543.5495905907172
28,33,204.8145205424056
29,33,-257.4553157180112
30,33,-427.65418565796284
31,33,-130.65719627306066
32,33,333.0749670093167
33,33,575.3175564420986
34,33,330.90296944848075
35,33,-153.7297083596046
36,33,-422.52780033309125
37,33,-272.40744029003184
38,33,213.5459157431647
39,33,540.2593195305155
40,33,443.91820662814956
1,34,80.450355011646
2,34,88.36357602053846
3,34,-284.72513336237
4,34,-729.6863850462701
5,34,-831.7472747238687
6,34,-492.99288649176907
7,34,-24.791838032907563
8,34,132.3939859193883
9,34,-157.22589477142301
10,34,-618.295692836993
11,34,-861.2802406676559
12,34,-624.5715963925193
13,34,-132.2016189789825
14,34,139.01854045513323
15,34,-32.141217313743994
16,34,-511.23679572483064
17,34,-824.9838833320794
18,34,-712.7787607781474
19,34,-273.34653256082805
20,34,101.18748797151207
21,34,70.04268187572586
22,34,-364.71079203750145
23,34,-776.3953394798788
24,34,-801.0743183956143
25,34,-420.46101244118756
26,34,34.99408784749834
27,34,125.90282680994753
28,34,-212.83224323837018
29,34,-675.102079498781
30,34,-846.300949438731
31,34,-548.3039600538343
32,34,-85.57179677145685
33,34,157.6707926613315
34,34,-86.74379433229099
35,34,-575.3764721403762
36,34,-840.1745641138524
37,34,-690.0542040708036
38,34,-204.10084803761112
39,34,122.61255574974189
40,34,26.27144284737168
1,35,51.88938985819458
2,35,60.802610867086614
3,35,-312.28609851581996
4,35,-757.2473501997231
5,35,-859.3082398773131
6,35,-520.5538516452165
7,35,-52.352803186357995
8,35,104.8330207659382
9,35,-184.78685992487593
10,35,-646.8566579904385
11,35,-889.8412058211001
12,35,-652.1325615459735
13,35,-159.76258413243195
14,35,111.4575753016807
15,35,-59.702182467194994
16,35,-538.7977608782904
17,35,-852.5448484855241
18,35,-740.3397259315935
19,35,-300.9074977142759
20,35,72.62652281806017
21,35,41.4817167222744
22,35,-392.27175719095936
23,35,-803.9563046333324
24,35,-828.6352835490588
25,35,-448.0219775946361
26,35,7.43312269404816
27,35,98.34186165649778
28,35,-240.39320839181644
29,35,-702.6630446522411
30,35,-874.8619145921758
31,35,-577.8649252072825
32,35,-113.13276192490959
33,35,130.10982750787974
34,35,-114.30475948574113
35,35,-602.9374372938292
36,35,-867.735529267318
37,35,-716.6151692242481
38,35,-230.661813191059
39,35,95.05159059629158
40,35,-1.289522306078982
1,36,438.753647590245
2,36,447.6668685991401
3,36,75.57815921623174
4,36,-370.3830924676697
5,36,-472.44398214527513
6,36,-134.68959391316665
7,36,335.511454545695
8,36,492.6972784979946
9,36,202.0773978071744
10,36,-258.9924002583883
11,36,-501.9769480890507
12,36,-265.268303813919
13,36,228.10167359961704
14,36,498.3218330337346
15,36,328.1620752648518
16,36,-150.933503146236
17,36,-464.6805907534785
18,36,-352.47546819953993
19,36,86.9567600177742
20,36,460.49078055010693
21,36,429.3459744543307
22,36,-4.407499458904183
23,36,-416.092046901289
24,36,-440.7710258170097
25,36,-60.1577198625885
26,36,395.2973804261029
27,36,486.20611938855194
28,36,147.47104934023218
29,36,-314.7987869201839
30,36,-486.99765686012995
31,36,-189.0006674752357
32,36,273.73149580714244
33,36,517.9740852399336
34,36,273.5594982463083
35,36,-216.07317956177596
36,36,-479.8712715352581
37,36,-328.7509114922011
38,36,157.20244454099154
39,36,483.9158483283364
40,36,385.57473542597097
1,37,885.442518376626
2,37,893.3557393855027
3,37,521.2670300026001
4,37,76.30577831870743
5,37,-25.75511135889735
6,37,311.99927687320695
7,37,782.2003253320711
8,37,939.3861492843596
9,37,648.7662685935492
10,37,188.69647052798476
11,37,-55.2880773026791
12,37,180.42056697245533
13,37,674.7905443859914
14,37,945.0107038201093
15,37,774.8509460512248
16,37,295.7553676401403
17,37,-17.991719967106757
18,37,94.21340258683452
19,37,532.645630804145
20,37,907.179651336493
21,37,875.034845240692
22,37,442.2813713274674
23,37,30.59682388508622
24,37,3.917844969359789
25,37,385.5311509237867
26,37,841.9862512124822
27,37,932.8949901749262
28,37,594.1599201266066
29,37,130.89008386618755
30,37,-40.30878607375961
31,37,256.68820331113784
32,37,720.4203665935166
33,37,963.6629560263084
34,37,720.2483690326906
35,37,229.61569122459827
36,37,-33.182400748886565
37,37,117.9379592941721
38,37,603.8913153273625
39,37,930.6047191147101
40,37,832.2636062123416
1,38,980.2723144275865
2,38,988.185535436478
3,38,616.0968260535852
4,38,171.13557436968293
5,38,69.07468469207807
6,38,406.8290729241869
7,38,876.0301213830468
8,38,1034.2159453353365
9,38,742.59606464452
10,38,283.5262665789613
11,38,39.54171874829549
12,38,273.2503630234301
13,38,768.6203404369744
14,38,1038.8404998710857
15,38,870.6807421022103
16,38,390.58516369111214
17,38,76.83807608386857
18,38,189.0431986378106
19,38,626.4754268551197
20,38,1001.0094473874524
21,38,968.8646412916694
22,38,536.1111673784465
23,38,125.42661993606097
24,38,98.74764102033538
25,38,480.3609469747587
26,38,936.8160472634589
27,38,1027.724786225904
28,38,687.9897161775891
29,38,225.71987991716549
30,38,54.52100997721685
31,38,351.51799936211097
32,38,815.2501626445018
33,38,1058.4927520772858
34,38,814.0781650836659
35,38,323.4454872755717
36,38,61.647395302090025
37,38,212.767755345149
38,38,698.7211113783476
39,38,1025.4345151656958
40,38,926.0934022633252
1,39,636.0569585839195
2,39,643.9701795928084
3,39,271.8814702099039
4,39,-175.07978147399476
5,39,-275.14067115160174
6,39,62.6137170805061
7,39,531.8147655393672
8,39,690.0005894916534
9,39,399.380708800851
10,39,-60.68908926471597
11,39,-304.6736370953834
12,39,-71.9649928202487
13,39,424.40498459329126
14,39,693.6251440274086
15,39,525.4653862585246
16,39,45.3698078474354
17,39,-269.3772797598106
18,39,-155.1721572058704
19,39,281.2600710114412
20,39,655.7940915437866
21,39,624.649285447997
22,39,191.8958115347658
23,39,-218.78873590761762
24,39,-246.46771482334566
25,39,136.14559113108143
26,39,592.600691419768
27,39,683.5094303822235
28,39,343.7743603339053
29,39,-119.49547592651409
30,39,-289.69434586646145
31,39,7.302643518436098
32,39,471.03480680081043
33,39,714.2773962336079
34,39,467.86280923997515
35,39,-20.7698685681069
36,39,-283.56796054158565
37,39,-131.44760049853295
38,39,354.5057555346605
39,39,680.2191593220099
40,39,581.8780464196401
1,40,169.26646157781659
2,40,177.1796825867099
3,40,-193.90902679619532
4,40,-641.8702784800921
5,40,-742.9311681577028
6,40,-404.1767799255895
7,40,64.02426853326389
8,40,222.21009248556084
9,40,-67.40978820525243
10,40,-528.4795862708102
11,40,-771.4641341014769
12,40,-539.7554898263531
13,40,-42.385512412810094
14,40,226.83464702130527
15,40,57.67488925242682
16,40,-419.42068915866304
17,40,-736.1677767659036
18,40,-621.962654211972
19,40,-186.5304259946535
20,40,189.0035945376822
21,40,157.8587884418964
22,40,-274.89468547132935
23,40,-685.5792329137194
24,40,-716.2582118294388
25,40,-329.64490587501956
26,40,125.81019441367096
27,40,216.71893337612238
28,40,-124.01613667219594
29,40,-586.2859729326177
30,40,-756.4848428725554
31,40,-459.48785348766563
32,40,4.244309794714392
33,40,247.48689922750452
34,40,1.0723122338809492
35,40,-487.5603655742116
36,40,-751.3584575476946
37,40,-599.2380975046306
38,40,-113.28474147143946
39,40,213.4286623159113
40,40,115.08754941354414
1,41,8.065853642035073
2,41,15.979074650927394
3,41,-354.1096347319837
4,41,-803.0708864158826
5,41,-905.1317760934937
6,41,-564.3773878613756
7,41,-98.17633940251912
8,41,61.009484549777
9,41,-228.61039614103387
10,41,-690.6801942065957
11,41,-930.6647420372574
12,41,-698.9560977621347
13,41,-203.58612034859127
14,41,65.63403908552257
15,41,-102.52571868335518
16,41,-579.6212970944468
17,41,-896.3683847016891
18,41,-783.1632621477605
19,41,-346.73103393043976
20,41,27.80298660190056
21,41,-2.3418194938851142
22,41,-435.0952934071178
23,41,-845.779840849489
24,41,-876.4588197652162
25,41,-489.84551381080627
26,41,-34.390413522111956
27,41,56.518325440338145
28,41,-285.21674460797544
29,41,-746.4865808683996
30,41,-916.6854508083404
31,41,-619.6884614234524
32,41,-156.95629814106678
33,41,88.28629129172063
34,41,-160.12829570189928
35,41,-648.7609735099884
36,41,-912.5590654834778
37,41,-758.4387054404045
38,41,-274.48534940722345
39,41,53.228054380130246
40,41,-44.11305852223837
1,42,299.7428349097713
2,42,309.65605591866404
3,42,-60.43265346424224
4,42,-509.393905148145
5,42,-613.4547948257447
6,42,-273.7004065936365
7,42,195.5006418652172
8,42,353.6864658175142
9,42,65.06658512670305
10,42,-397.00321293885895
11,42,-636.9877607695272
12,42,-405.2791164943888
13,42,90.09086091914445
14,42,357.3110203532597
15,42,190.1512625843818
16,42,-285.9443158267078
17,42,-602.6914034339501
18,42,-490.4862808800072
19,42,-54.05405266269846
20,42,320.4799678696375
21,42,290.335161773853
22,42,-141.4183121393765
23,42,-554.102859581763
24,42,-584.781838497485
25,42,-197.16853254306247
26,42,260.2865677456272
27,42,350.1953067080765
28,42,8.460236659758982
29,42,-452.80959960065553
30,42,-624.008469540614
31,42,-327.0114801557104
32,42,136.7206831266692
33,42,381.9632725594593
34,42,132.54868556583733
35,42,-355.08399224224985
36,42,-618.8820842157296
37,42,-464.76172417267696
38,42,19.191631860517194
39,42,346.9050356478671
40,42,249.56392274549705
1,43,777.2921431642656
2,43,785.2053641731443
3,43,417.1166547902517
4,43,-32.84459689365132
5,43,-135.90548657125655
6,43,203.84890166084887
7,43,671.0499501197103
8,43,831.2357740720005
9,43,543.6158933811919
10,43,80.54609531562794
11,43,-160.4384525150368
12,43,73.27019176009493
13,43,567.640169173631
14,43,834.8603286077486
15,43,666.700570838867
16,43,191.60499242777846
17,43,-125.14209517946578
18,43,-12.936972625525177
19,43,422.495255591785
20,43,798.0292761241324
21,43,766.8844700283357
22,43,336.13099611511007
23,43,-76.5535513272726
24,43,-108.23253024300011
25,43,280.3807757114297
26,43,737.835876000121
27,43,826.7446149625661
28,43,486.0095449142461
29,43,21.739708653828867
30,43,-147.45916128611825
31,43,150.53782809878004
32,43,615.2699913811653
33,43,857.5125808139477
34,43,610.0979938203296
35,43,122.46531601223586
36,43,-144.33277596124418
37,43,11.787584081813081
38,43,493.74094011499875
39,43,823.4543439023516
40,43,726.1132309999816
1,44,999.6571467278051
2,44,1006.570367736678
3,44,639.4816583537809
4,44,190.52040666988273
5,44,86.45951699227581
6,44,426.21390522438406
7,44,894.4149536832467
8,44,1051.6007776355307
9,44,765.9808969447233
10,44,300.91109887916144
11,44,62.92655104849345
12,44,292.6351953236308
13,44,790.0051727371689
14,44,1056.2253321712847
15,44,888.0655744024018
16,44,413.96999599130993
17,44,96.22290838406641
18,44,209.4280309380062
19,44,644.8602591553223
20,44,1018.3942796876718
21,44,988.2494735918679
22,44,556.4959996786422
23,44,144.81145223626135
24,44,113.13247332053265
25,44,502.7457792749646
26,44,959.2008795636528
27,44,1049.1096185261022
28,44,708.3745484777836
29,44,245.10471221735978
30,44,75.90584227741437
31,44,372.9028316623173
32,44,835.6349949446957
33,44,1078.8775843774838
34,44,831.4629973838599
35,44,344.83031957577145
36,44,78.03222760228772
37,44,234.1525876453439
38,44,716.1059436785422
39,44,1044.8193474658883
40,44,946.478234563517
1,45,761.3964868128111
2,45,769.3097078217019
3,45,402.22099843880216
4,45,-45.74025324509931
5,45,-149.8011429227049
6,45,185.9532453094029
7,45,656.1542937682626
8,45,812.3401177205587
9,45,527.7202370297429
10,45,62.650438964180374
11,45,-175.3341088664875
12,45,53.37453540864674
13,45,552.744512822183
14,45,818.9646722563067
15,45,649.8049144874301
16,45,176.70933607633435
17,45,-143.03775153091436
18,45,-28.83262897697294
19,45,406.59959924034206
20,45,782.1336197726768
21,45,749.9888136768908
22,45,319.23533976366326
23,45,-92.44920767872142
24,45,-124.12818659444801
25,45,265.48511935997726
26,45,721.940219648661
27,45,810.8489586111217
28,45,471.11388856279603
29,45,6.844052302381116
30,45,-162.35481763756613
31,45,135.64217174733244
32,45,595.3743350297101
33,45,840.616924462504
34,45,592.2023374688745
35,45,106.5696596607903
36,45,-160.22843231269428
37,45,-3.1080722696348815
38,45,477.84528376356207
39,45,807.5586875509164
40,45,709.2175746485451
1,46,282.64651996155743
2,46,290.5597409704557
3,46,-76.52896841245605
4,46,-525.490220096356
5,46,-629.5511097739536
6,46,-293.7967215418506
7,46,176.40432691700553
8,46,331.5901508693005
9,46,48.97027017848895
10,46,-417.0995278870729
11,46,-653.0840757177356
12,46,-425.37543144260286
13,46,73.99454597093094
14,46,338.2147054050504
15,46,171.05494763616818
16,46,-302.04063077492094
17,46,-621.78771838216
18,46,-507.58259582822114
19,46,-72.15036761091248
20,46,302.3836529214234
21,46,271.2388468256382
22,46,-159.51462708759112
23,46,-573.1991745299742
24,46,-603.8781534456951
25,46,-213.26484749127658
26,46,242.1902527974132
27,46,332.09899175986203
28,46,-7.636078288454571
29,46,-472.90591454886953
30,46,-642.1047844888228
31,46,-343.107795103925
32,46,113.62436817845604
33,46,359.86695761124463
34,46,113.45237061762316
35,46,-373.1803071904624
36,46,-639.9783991639495
37,46,-481.85803912089096
38,46,-0.9046830876964995
39,46,327.80872069965324
40,46,228.46760779728302
1,47,1.5677578284838924
2,47,10.480978837376327
3,47,-356.60773054553005
4,47,-806.5689822294335
5,47,-909.6298719070295
6,47,-573.8754836749288
7,47,-106.6744352160707
8,47,51.511388736226216
9,47,-230.10849195458457
10,47,-698.1782900201555
11,47,-933.1628378508178
12,47,-705.4541935756788
13,47,-208.0842161621418
14,47,58.13594327197042
15,47,-109.02381449690553
16,47,-582.1193929079925
17,47,-901.8664805152413
18,47,-789.6613579613113
19,47,-352.2291297439858
20,47,22.304890788349333
21,47,-9.83991530743634
22,47,-439.59338922066183
23,47,-853.2779366630404
24,47,-882.9569155787763
25,47,-494.3436096243496
26,47,-38.88850933566285
27,47,50.02022962678725
28,47,-287.7148404215334
29,47,-752.9846766819409
30,47,-923.1835466218929
31,47,-624.1865572369996
32,47,-167.45439395462034
33,47,78.78819547816951
34,47,-166.62639151545227
35,47,-655.259069323535
36,47,-921.0571612970128
37,47,-760.9368012539566
38,47,-283.983445220773
39,47,46.729958566579896
40,47,-52.61115433579051
1,48,177.66332266934813
2,48,186.5765436782398
3,48,-181.51216570466755
4,48,-630.4734173885654
5,48,-735.5343070661681
6,48,-398.77991883406554
7,48,67.42112962479389
8,48,228.6069535770934
9,48,-54.01292711372079
10,48,-524.0827251792892
11,48,-758.0672730099539
12,48,-528.3586287348211
13,48,-31.98865132127916
14,48,233.23150811283327
15,48,65.07175034395857
16,48,-407.02382806712905
17,48,-727.7709156743773
18,48,-614.5657931204422
19,48,-176.13356490312404
20,48,198.4004556292144
21,48,167.25564953342794
22,48,-262.4978243798034
23,48,-677.1823718221774
24,48,-707.8613507379122
25,48,-318.24804478348557
26,48,137.20705550520097
27,48,223.11579446765077
28,48,-113.61927558066547
29,48,-577.8891118410827
30,48,-747.0879817810289
31,48,-448.09099239613056
32,48,7.641170886245524
33,48,253.88376031903212
34,48,8.469173325412084
35,48,-480.163504482677
36,48,-744.9615964561524
37,48,-585.8412364130919
38,48,-108.88788037990629
39,48,222.82552340744397
40,48,122.48441050507373
1,49,647.0317642757658
2,49,655.9449852846518
3,49,284.85627590175244
4,49,-161.10497578214506
5,49,-265.1658654597529
6,49,71.58852277235584
7,49,535.7895712312103
8,49,698.9753951835079
9,49,417.3555144926929
10,49,-53.71428357286649
11,49,-287.69883140353306
12,49,-57.99018712839882
13,49,436.37979028514303
14,49,702.5999497192537
15,49,536.4401919503819
16,49,63.34461353928649
17,49,-257.4024740679631
18,49,-144.19735151402054
19,49,292.2348767032963
20,49,666.7688972356314
21,49,636.6240911398427
22,49,205.87061722661693
23,49,-206.81393021576523
24,49,-236.49290913149107
25,49,151.12039682293138
26,49,607.5754971116228
27,49,694.4842360740706
28,49,355.7491660257564
29,49,-108.52067023466653
30,49,-276.7195401746148
31,49,21.277449210285923
32,49,477.0096124926634
33,49,722.2522019254532
34,49,479.83761493182817
35,49,-9.795062876256921
36,49,-274.593154849739
37,49,-115.47279480668197
38,49,361.48056122651195
39,49,693.1939650138676
40,49,591.8528521114969
1,50,980.2185066499927
2,50,987.1317276588909
3,50,616.0430182759918
4,50,172.0817665920924
5,50,67.02087691448722
6,50,401.7752651465973
7,50,868.976313605461
8,50,1029.1621375577422
9,50,747.5422568669287
10,50,279.472458801374
11,50,41.48791097070459
12,50,271.19655524583777
13,50,768.5665326593806
14,50,1034.7866920934987
15,50,868.6269343246166
16,50,395.5313559135193
17,50,74.78426830627824
18,50,185.98939086022006
19,50,621.4216190775353
20,50,997.9556396098586
21,50,968.8108335140755
22,50,538.0573596008553
23,50,123.37281215847175
24,50,96.69383324274553
25,50,482.3071391971656
26,50,940.7622394858652
27,50,1025.6709784483166
28,50,687.9359083999958
29,50,223.66607213957204
30,50,54.467202199625895
31,50,353.46419158452227
32,50,809.196354866908
33,50,1055.4389442996983
34,50,810.0243573060739
35,50,321.39167949798366
36,50,57.593587524499064
37,50,215.71394756755785
38,50,693.6673036007538
39,50,1026.3807073881019
40,50,924.0395944857313
